<Customization level="0" description="" product-version="17.202">
    <Graph ClassName="BusinessAccountMaintPXKBExt" Source="#CDATA" IsNew="True" FileType="NewFile">
        <CDATA name="Source"><![CDATA[using System;
using PX.Data;
using PX.Objects.CR;
using System.Collections;

namespace PXExtendToCustomerAndVendor
{
	public class BusinessAccountMaintPXKBExt : PXGraphExtension<BusinessAccountMaint>
	{
        public PXAction<BAccount> converToCustomerPXKBExt;
        [PXUIField(DisplayName = "Convert To Customer Ext",
                   MapEnableRights = PXCacheRights.Select,
                   MapViewRights = PXCacheRights.Select,
                   Visible = false)]
        [PXButton(CommitChanges = true)]
        public virtual IEnumerable ConverToCustomerPXKBExt(PXAdapter adapter)
        {
            try
            {
                Base.Actions.PressCancel();
                if (Base.Actions["ExtendToCustomer"].GetEnabled())
                    Base.Actions["ExtendToCustomer"].Press();
            }
            catch (Exception ex)
            {
                if (ex is PXRedirectRequiredException)
                {
                    PXRedirectRequiredException rdEx = (PXRedirectRequiredException)ex;
                    rdEx.Graph.Actions.PressSave();
                }
                else
                    throw ex;
            }
            return adapter.Get();
        }

        public PXAction<BAccount> converToVendorPXKBExt;
        [PXUIField(DisplayName = "Convert To Vendor Ext",
                   MapEnableRights = PXCacheRights.Select,
                   MapViewRights = PXCacheRights.Select,
                   Visible = false)]
        [PXButton(CommitChanges = true)]
        public virtual IEnumerable ConverToVendorPXKBExt(PXAdapter adapter)
        {
            try
            {
                Base.Actions.PressCancel();
                if (Base.Actions["ExtendToVendor"].GetEnabled())
                Base.Actions["ExtendToVendor"].Press();
            }
            catch (Exception ex)
            {
                if (ex is PXRedirectRequiredException)
                {
                    PXRedirectRequiredException rdEx = (PXRedirectRequiredException)ex;
                    rdEx.Graph.Actions.PressSave();
                }
                else
                    throw ex;
            }
            return adapter.Get();
        }
    }
}]]></CDATA>
    </Graph>
    <Graph ClassName="CustomerMaintPXKBExt" Source="#CDATA" IsNew="True" FileType="NewFile">
        <CDATA name="Source"><![CDATA[using System;
using System.Collections;
using PX.Data;
using PX.Objects.AR;

namespace PXExtendToCustomerAndVendor
{
	public class CustomerMaintPXKBExt : PXGraphExtension<CustomerMaint>
    {
        public PXAction<Customer> extendToVendorPXExt;
        [PXUIField(DisplayName = "Extend To Vendor Ext",
                   MapEnableRights = PXCacheRights.Select,
                   MapViewRights = PXCacheRights.Select,
                   Visible = false)]
        [PXButton]
        public virtual IEnumerable ExtendToVendorPXExt(PXAdapter adapter)
        {
            try
            {
                if (Base.Actions["ExtendToVendor"].GetEnabled())
                Base.Actions["ExtendToVendor"].Press();
            }
            catch (Exception ex)
            {
                if (ex is PXRedirectRequiredException)
                {
                    PXRedirectRequiredException rdEx = (PXRedirectRequiredException)ex;
                    rdEx.Graph.Actions.PressSave();
                }
                else
                    throw ex;
            }
            return adapter.Get();
        }
    }
}]]></CDATA>
    </Graph>
    <Graph ClassName="VendorMaintPXKBExt" Source="#CDATA" IsNew="True" FileType="NewFile">
        <CDATA name="Source"><![CDATA[using System;
using PX.Data;
using PX.Objects.AP;
using System.Collections;

namespace PXExtendToCustomerAndVendor
{
    public class VendorMaintPXKBExt : PXGraphExtension<VendorMaint>
    {
        public PXAction<VendorR> extendToCustomerPXKBExt;
        [PXUIField(DisplayName = "Extend To Customer Ext",
                   MapEnableRights = PXCacheRights.Select,
                   MapViewRights = PXCacheRights.Select,
                   Visible = false)]
        [PXButton]
        public virtual IEnumerable ExtendToCustomerPXKBExt(PXAdapter adapter)
        {
            try
            {
                if (Base.Actions["ExtendToCustomer"].GetEnabled())
                Base.Actions["ExtendToCustomer"].Press();
            }
            catch (Exception ex)
            {
                if (ex is PXRedirectRequiredException)
                {
                    PXRedirectRequiredException rdEx = (PXRedirectRequiredException)ex;
                    rdEx.Graph.Actions.PressSave();
                }
                else
                    throw ex;
            }
            return adapter.Get();
        }
    }
}]]></CDATA>
    </Graph>
</Customization>